Sales_Rep,Region,Sales_Amount,Quantity_Sold,Product_Category,Payment_Method,Sales_Channel
Bob,North,5053.97,18,Furniture,Cash,Online
Bob,West,4384.02,17,Furniture,Cash,Retail
David,South,4631.23,30,Food,Bank Transfer,Retail
Bob,South,2167.94,39,Clothing,Credit Card,Retail
Charlie,East,3750.2,13,Electronics,Credit Card,Online
Charlie,West,3761.15,32,Food,Cash,Online
Bob,West,618.31,29,Furniture,Cash,Online
Eve,South,7698.92,46,Furniture,Bank Transfer,Online
David,South,4223.39,30,Furniture,Bank Transfer,Online
Charlie,West,8239.58,18,Clothing,Bank Transfer,Online
Eve,North,8518.45,13,Furniture,Bank Transfer,Retail
Bob,West,2198.74,43,Food,Bank Transfer,Online
Eve,West,6607.8,21,Food,Bank Transfer,Retail
Alice,South,4775.59,30,Furniture,Cash,Online
Charlie,South,8813.55,21,Food,Bank Transfer,Retail
Bob,North,2235.83,48,Furniture,Cash,Retail
David,North,6810.35,17,Furniture,Cash,Online
Bob,East,6116.75,40,Electronics,Credit Card,Retail
David,West,3023.48,19,Clothing,Cash,Online
Bob,South,1452.35,15,Clothing,Cash,Online
Eve,North,6551.23,9,Electronics,Bank Transfer,Online
Eve,East,7412.11,10,Electronics,Cash,Online
Eve,East,3224.71,44,Clothing,Bank Transfer,Retail
Alice,South,6483.84,31,Furniture,Bank Transfer,Online
David,South,4011.8,23,Furniture,Bank Transfer,Retail
Eve,East,7160.75,30,Clothing,Credit Card,Retail
Alice,North,2072.23,33,Furniture,Bank Transfer,Retail
David,East,8913.13,9,Electronics,Cash,Online
Bob,West,2945.36,47,Furniture,Bank Transfer,Retail
Alice,West,3741.08,1,Furniture,Bank Transfer,Online
Charlie,South,675.11,44,Food,Bank Transfer,Retail
Alice,North,1203.97,35,Food,Credit Card,Online
Alice,North,5207.03,11,Food,Cash,Online
David,West,2749.17,34,Furniture,Credit Card,Online
Bob,East,8371.25,16,Clothing,Cash,Online
Charlie,South,245.46,9,Electronics,Credit Card,Retail
Eve,East,3853.03,32,Furniture,Cash,Retail
Eve,East,3439.72,15,Clothing,Credit Card,Online
Alice,East,291.34,12,Furniture,Bank Transfer,Retail
David,North,1331.25,33,Electronics,Credit Card,Online
David,West,4195.06,45,Furniture,Credit Card,Online
Eve,North,4979.36,14,Electronics,Bank Transfer,Retail
Charlie,West,4102.47,8,Furniture,Bank Transfer,Online
Bob,South,5356.28,8,Electronics,Cash,Online
Charlie,South,5991.8,27,Furniture,Cash,Online
Bob,East,198.25,12,Electronics,Cash,Online
Eve,West,4694.54,1,Food,Credit Card,Online
Bob,West,9638.64,43,Furniture,Cash,Retail
David,West,5238.42,40,Furniture,Credit Card,Retail
Alice,East,6807.67,42,Clothing,Credit Card,Retail
Alice,East,3187.45,11,Clothing,Cash,Online
Eve,South,7762.51,39,Electronics,Cash,Online
David,North,7751.92,43,Furniture,Credit Card,Online
Charlie,West,5260.83,31,Electronics,Bank Transfer,Online
David,West,9762.54,17,Food,Bank Transfer,Online
Alice,North,1342.95,33,Clothing,Credit Card,Online
Alice,West,267.78,32,Electronics,Cash,Retail
David,East,7724.57,29,Electronics,Credit Card,Online
David,East,8090.84,21,Clothing,Credit Card,Retail
Alice,West,1290.05,21,Furniture,Cash,Online
Charlie,East,2729.27,40,Electronics,Bank Transfer,Retail
Eve,East,273.77,23,Clothing,Credit Card,Online
Eve,West,3003.76,6,Furniture,Bank Transfer,Retail
David,South,7754.1,22,Food,Bank Transfer,Retail
Eve,North,5227.81,38,Clothing,Cash,Online
Alice,East,3546.15,37,Electronics,Credit Card,Online
Alice,South,3780.22,45,Food,Credit Card,Retail
David,East,113.4,8,Furniture,Bank Transfer,Online
David,East,3068.03,41,Furniture,Bank Transfer,Online
David,North,6499.94,49,Clothing,Cash,Online
Charlie,East,9744.52,35,Clothing,Bank Transfer,Retail
Eve,North,8485.9,11,Clothing,Cash,Online
David,North,333.59,24,Furniture,Credit Card,Retail
Bob,North,8995.75,49,Food,Cash,Retail
Bob,South,7853.66,21,Furniture,Bank Transfer,Online
Alice,West,7825.72,2,Electronics,Credit Card,Retail
Eve,South,4634.16,40,Furniture,Cash,Online
David,West,4040.25,19,Electronics,Credit Card,Online
Bob,West,3098.87,39,Food,Cash,Retail
Eve,North,750.38,28,Clothing,Bank Transfer,Retail
Alice,East,2359.53,17,Clothing,Bank Transfer,Retail
Charlie,North,2541.38,6,Furniture,Credit Card,Retail
Eve,East,4892.36,19,Clothing,Credit Card,Retail
Eve,West,7499.7,38,Food,Credit Card,Online
Charlie,North,4790.72,28,Clothing,Cash,Retail
Eve,East,672.66,2,Furniture,Bank Transfer,Online
Alice,South,9582.12,38,Food,Credit Card,Online
Alice,East,9432.97,37,Electronics,Credit Card,Retail
Charlie,North,7873.38,4,Furniture,Credit Card,Retail
David,South,9914.15,22,Electronics,Cash,Retail
Bob,East,5490.38,26,Food,Credit Card,Retail
David,East,9631.41,49,Furniture,Credit Card,Retail
Eve,East,848.49,43,Furniture,Cash,Online
Bob,East,3720.24,36,Food,Cash,Online
Charlie,East,2331.27,13,Clothing,Credit Card,Online
Charlie,South,2038.75,32,Furniture,Credit Card,Retail
Bob,West,1493.95,17,Furniture,Cash,Retail
Alice,South,6261.9,41,Electronics,Bank Transfer,Online
Bob,South,7835.09,36,Clothing,Cash,Retail
Eve,South,5825.15,46,Electronics,Bank Transfer,Retail
Alice,West,1554.93,19,Electronics,Credit Card,Retail
Charlie,North,8130.13,35,Clothing,Credit Card,Online
Bob,West,6395.95,46,Clothing,Bank Transfer,Retail
David,South,3942.84,40,Food,Cash,Online
David,East,6773.89,28,Clothing,Credit Card,Retail
Eve,East,2673.06,1,Furniture,Bank Transfer,Retail
David,South,3517.4,42,Clothing,Cash,Online
Bob,East,9183.11,18,Food,Bank Transfer,Retail
Bob,South,2975.99,48,Food,Cash,Retail
David,East,4752.88,40,Food,Cash,Retail
Bob,West,8912.4,33,Clothing,Cash,Online
Eve,North,7106.44,12,Clothing,Cash,Retail
Alice,North,715.81,8,Electronics,Bank Transfer,Retail
Eve,West,1558.3,24,Electronics,Bank Transfer,Retail
Eve,West,177.63,16,Furniture,Bank Transfer,Retail
Bob,South,6346.13,4,Electronics,Bank Transfer,Retail
Alice,South,4531.97,38,Furniture,Bank Transfer,Online
Bob,South,1429.32,44,Food,Cash,Online
Charlie,East,9583.55,27,Electronics,Credit Card,Retail
Bob,South,5343.63,9,Clothing,Credit Card,Retail
Bob,West,2494.74,47,Electronics,Bank Transfer,Online
Bob,North,5055.98,16,Furniture,Bank Transfer,Retail
Alice,East,6828.24,12,Electronics,Credit Card,Retail
Bob,South,854.77,31,Food,Cash,Retail
Alice,East,2819.57,24,Clothing,Bank Transfer,Retail
David,East,8088.96,14,Furniture,Cash,Retail
Charlie,South,4650.68,45,Clothing,Credit Card,Retail
Alice,East,5511.11,25,Clothing,Credit Card,Retail
David,North,4384.88,34,Furniture,Bank Transfer,Retail
Alice,West,534.61,3,Clothing,Cash,Online
Alice,West,1740.92,24,Clothing,Bank Transfer,Online
Charlie,North,4510.86,42,Electronics,Credit Card,Retail
Eve,East,2170.94,9,Clothing,Cash,Retail
Eve,South,594.79,26,Clothing,Bank Transfer,Retail
Alice,East,8452.13,20,Clothing,Bank Transfer,Retail
Bob,North,9813.81,40,Clothing,Bank Transfer,Online
David,East,7952.11,10,Furniture,Credit Card,Online
Bob,West,8552.47,19,Food,Bank Transfer,Online
Bob,East,2495.57,3,Electronics,Cash,Online
Alice,North,9610.21,24,Clothing,Bank Transfer,Retail
Alice,West,2049.56,5,Clothing,Credit Card,Retail
Alice,East,9519.16,3,Furniture,Bank Transfer,Retail
Alice,East,9948.71,27,Food,Credit Card,Online
Eve,West,7146.06,16,Clothing,Credit Card,Retail
Alice,South,9813.32,49,Furniture,Cash,Retail
Eve,West,5738.44,15,Electronics,Cash,Online
Eve,South,2669.46,35,Electronics,Bank Transfer,Online
Alice,North,4426.26,12,Clothing,Credit Card,Online
Charlie,North,5976.25,41,Clothing,Credit Card,Online
David,West,823.51,44,Food,Cash,Online
Bob,West,6261.2,26,Food,Cash,Retail
Eve,North,9813.66,47,Clothing,Bank Transfer,Retail
David,South,1982.07,34,Furniture,Credit Card,Online
Charlie,North,7946.69,23,Food,Cash,Retail
Bob,West,9088.2,31,Clothing,Bank Transfer,Retail
Bob,North,9442.65,20,Food,Credit Card,Retail
Eve,West,9605.34,12,Clothing,Credit Card,Retail
Alice,West,5262.45,23,Electronics,Cash,Online
Charlie,North,9775.35,4,Clothing,Bank Transfer,Retail
Eve,South,7597.37,23,Electronics,Cash,Retail
Charlie,East,1700.55,48,Food,Bank Transfer,Retail
Alice,North,4821.31,48,Clothing,Credit Card,Online
Alice,East,7211.48,1,Food,Bank Transfer,Retail
Eve,North,2548.67,25,Electronics,Bank Transfer,Online
Alice,East,6442.09,2,Clothing,Bank Transfer,Online
David,South,6699.34,30,Food,Bank Transfer,Online
Bob,South,1710.73,3,Electronics,Bank Transfer,Online
Eve,North,5694.34,21,Food,Cash,Retail
Charlie,West,7739.11,25,Furniture,Bank Transfer,Online
David,East,5039.07,20,Electronics,Bank Transfer,Online
Eve,West,219.82,49,Electronics,Credit Card,Online
Alice,West,189.48,22,Electronics,Bank Transfer,Online
Alice,West,3634.59,21,Clothing,Credit Card,Online
Alice,South,9269.32,33,Clothing,Cash,Retail
Alice,North,2363.9,38,Clothing,Cash,Online
Charlie,North,6380.2,15,Furniture,Bank Transfer,Retail
David,South,2298.55,46,Furniture,Cash,Retail
Bob,South,3284.53,15,Electronics,Bank Transfer,Online
Charlie,North,8495.62,46,Furniture,Cash,Retail
Charlie,West,7315.73,25,Food,Bank Transfer,Retail
Bob,East,1044.45,21,Electronics,Bank Transfer,Retail
Bob,East,4344.15,24,Electronics,Credit Card,Online
Alice,East,388.78,5,Food,Credit Card,Online
Charlie,West,4860.81,6,Electronics,Credit Card,Online
Eve,North,6658.1,49,Furniture,Credit Card,Online
Bob,South,1273.18,43,Clothing,Bank Transfer,Online
Bob,North,2959.96,48,Food,Cash,Online
David,West,4038.58,44,Furniture,Bank Transfer,Online
Eve,South,9203.36,47,Food,Credit Card,Retail
Eve,West,9933.22,23,Food,Credit Card,Retail
Bob,East,544.62,4,Electronics,Cash,Online
Alice,East,7633.98,27,Electronics,Credit Card,Retail
David,West,3780.07,18,Furniture,Bank Transfer,Online
Eve,South,3985.34,21,Food,Bank Transfer,Online
Bob,South,7567.22,28,Electronics,Bank Transfer,Online
Eve,North,9192.42,35,Electronics,Bank Transfer,Retail
David,East,9514.19,22,Food,Bank Transfer,Online
David,North,5813.51,40,Furniture,Cash,Online
Charlie,North,3635.5,23,Furniture,Bank Transfer,Online
Bob,West,7896.74,3,Food,Credit Card,Online
David,West,2584.91,40,Furniture,Credit Card,Retail
Charlie,North,5684.33,10,Electronics,Credit Card,Online
Charlie,East,3649.93,25,Food,Credit Card,Retail
Eve,West,6600.65,49,Electronics,Cash,Retail
Eve,North,2479.95,8,Clothing,Credit Card,Online
Charlie,North,1996.77,11,Clothing,Cash,Online
Eve,North,9190.57,5,Furniture,Credit Card,Retail
David,North,1107.86,45,Clothing,Cash,Retail
Alice,North,5108.98,37,Electronics,Cash,Retail
David,North,2286.44,45,Clothing,Cash,Retail
Charlie,West,485.41,38,Electronics,Credit Card,Online
Charlie,East,456.59,29,Furniture,Cash,Retail
David,North,1834.7,5,Furniture,Bank Transfer,Retail
Eve,South,8681.03,9,Electronics,Bank Transfer,Retail
Eve,West,2896.54,48,Clothing,Credit Card,Retail
Charlie,West,9509.55,2,Furniture,Bank Transfer,Online
Bob,North,5858.06,1,Food,Bank Transfer,Online
Eve,West,4422.48,40,Furniture,Bank Transfer,Online
David,North,5842.88,30,Clothing,Credit Card,Retail
Eve,East,5215.31,11,Food,Credit Card,Retail
David,East,7611.88,28,Clothing,Bank Transfer,Online
Charlie,West,2896.71,44,Electronics,Credit Card,Online
Eve,West,3595.2,12,Food,Cash,Retail
David,South,8951.53,39,Clothing,Bank Transfer,Online
Charlie,West,9469.92,26,Food,Credit Card,Retail
Bob,South,8936.33,13,Clothing,Credit Card,Retail
David,East,4252.54,8,Food,Bank Transfer,Retail
Bob,East,7825.62,28,Clothing,Credit Card,Retail
Bob,North,4815.72,30,Electronics,Bank Transfer,Retail
Alice,East,5025.64,9,Food,Credit Card,Retail
Eve,South,2126.33,39,Food,Cash,Online
David,West,5952.19,31,Food,Bank Transfer,Online
Bob,North,1942.75,21,Food,Cash,Online
Alice,South,3382.49,47,Electronics,Bank Transfer,Retail
Charlie,West,8564.8,34,Food,Credit Card,Online
David,North,2150.05,31,Furniture,Cash,Retail
Bob,East,804.47,25,Electronics,Credit Card,Retail
Eve,South,783.18,12,Furniture,Bank Transfer,Retail
Alice,West,9413.77,1,Food,Bank Transfer,Retail
Bob,North,5118.51,22,Clothing,Bank Transfer,Online
Eve,North,4153.18,40,Furniture,Bank Transfer,Online
Bob,East,8127.7,37,Food,Bank Transfer,Online
David,West,8374.68,47,Furniture,Cash,Retail
David,East,3388.69,1,Food,Bank Transfer,Online
David,East,6966.82,1,Food,Credit Card,Online
Alice,West,7734.12,42,Food,Cash,Online
David,West,6581.04,42,Clothing,Credit Card,Retail
Eve,West,1600.79,21,Furniture,Bank Transfer,Online
Bob,South,8771.24,15,Electronics,Credit Card,Retail
Charlie,West,5437.04,17,Electronics,Cash,Online
Eve,North,2896.48,22,Electronics,Cash,Retail
Eve,East,4309.76,38,Electronics,Cash,Online
David,South,471.95,35,Food,Credit Card,Online
Alice,West,1365.88,45,Furniture,Cash,Online
Bob,South,7678.91,16,Furniture,Credit Card,Retail
Alice,West,100.12,8,Clothing,Bank Transfer,Online
Bob,South,4224,47,Furniture,Bank Transfer,Online
Bob,East,5272.85,17,Furniture,Credit Card,Retail
Alice,East,640.88,17,Furniture,Cash,Retail
Eve,North,9733.47,26,Clothing,Credit Card,Retail
Bob,North,2338.64,13,Electronics,Credit Card,Retail
Alice,West,3111.57,17,Furniture,Credit Card,Online
Bob,East,3109.03,38,Clothing,Bank Transfer,Online
Charlie,South,2381.12,17,Clothing,Credit Card,Retail
Eve,South,114.59,48,Food,Bank Transfer,Online
David,South,7320.51,14,Clothing,Credit Card,Retail
Bob,North,9671.77,45,Electronics,Bank Transfer,Online
Charlie,South,2320.51,6,Furniture,Credit Card,Retail
David,North,6664.17,35,Clothing,Credit Card,Online
David,North,7444.77,46,Electronics,Cash,Retail
Bob,West,8499.41,14,Clothing,Cash,Retail
Alice,South,4284.03,47,Clothing,Credit Card,Online
Bob,South,3099.02,8,Clothing,Credit Card,Online
Charlie,East,3320.42,15,Clothing,Credit Card,Online
David,West,7154.95,27,Clothing,Credit Card,Retail
Bob,East,8186.12,13,Electronics,Cash,Online
Alice,West,1897.98,49,Furniture,Bank Transfer,Retail
Bob,South,3772.32,31,Furniture,Credit Card,Online
Eve,North,9029.21,35,Furniture,Cash,Online
Alice,North,8086.27,6,Furniture,Credit Card,Retail
Charlie,North,9850.1,5,Electronics,Credit Card,Retail
David,North,7567.06,22,Food,Bank Transfer,Online
Bob,North,3992.63,49,Food,Credit Card,Retail
Alice,East,5947.31,23,Electronics,Credit Card,Retail
Eve,West,6644.04,25,Electronics,Bank Transfer,Online
Alice,South,876.71,34,Clothing,Bank Transfer,Retail
Eve,East,5490.52,26,Clothing,Bank Transfer,Online
Charlie,West,7122.28,47,Clothing,Bank Transfer,Online
David,North,1756.48,5,Furniture,Cash,Retail
Charlie,West,7828.25,26,Clothing,Cash,Online
Bob,West,5879.35,20,Food,Cash,Retail
Alice,North,9527,6,Furniture,Credit Card,Online
Eve,North,519.98,6,Clothing,Bank Transfer,Retail
Eve,North,2726.73,18,Furniture,Bank Transfer,Retail
Alice,South,6055.38,4,Food,Cash,Retail
Alice,North,3035.94,17,Clothing,Credit Card,Retail
Bob,South,7172.8,14,Food,Credit Card,Retail
Charlie,North,7614.15,14,Food,Credit Card,Online
Eve,South,1114.91,13,Food,Cash,Online
Bob,West,5187.16,7,Clothing,Credit Card,Retail
Charlie,East,5138.02,44,Electronics,Credit Card,Online
Bob,West,3755.88,15,Clothing,Credit Card,Retail
Eve,West,9335.96,19,Food,Bank Transfer,Retail
Alice,North,8292.31,43,Clothing,Cash,Online
Alice,South,7002.37,47,Food,Bank Transfer,Online
Charlie,East,7171.83,44,Electronics,Bank Transfer,Retail
David,North,4670.99,35,Furniture,Cash,Retail
Charlie,North,9217.85,17,Electronics,Bank Transfer,Retail
David,North,6976.49,35,Electronics,Credit Card,Retail
Bob,West,7316.91,19,Furniture,Credit Card,Retail
Bob,South,8630.74,20,Clothing,Credit Card,Retail
Eve,South,2813.31,36,Furniture,Credit Card,Online
David,East,8090,35,Clothing,Cash,Retail
Eve,South,2032.88,32,Clothing,Bank Transfer,Retail
Alice,South,3518.89,48,Food,Bank Transfer,Online
David,North,3422.54,44,Food,Credit Card,Retail
Charlie,North,9787.4,40,Furniture,Credit Card,Retail
Alice,West,8579.72,24,Electronics,Bank Transfer,Online
Alice,North,7041.58,17,Furniture,Cash,Retail
Charlie,North,7297.86,7,Clothing,Bank Transfer,Online
Alice,North,5664.52,43,Food,Credit Card,Retail
David,North,9476.2,1,Furniture,Credit Card,Online
Eve,West,5012.96,35,Furniture,Cash,Online
Alice,North,3867.13,32,Food,Bank Transfer,Online
David,East,1714.05,36,Food,Cash,Retail
Bob,East,7883.44,13,Food,Cash,Retail
David,East,7370.99,6,Clothing,Credit Card,Online
Eve,East,3905.11,14,Food,Bank Transfer,Online
David,North,349.41,37,Electronics,Credit Card,Retail
Charlie,East,8406.07,48,Furniture,Bank Transfer,Retail
Eve,North,213.04,15,Food,Credit Card,Retail
Bob,West,7066.63,47,Food,Credit Card,Retail
Charlie,East,9705.55,4,Clothing,Bank Transfer,Retail
David,South,4432.85,40,Clothing,Bank Transfer,Online
Eve,East,2426.24,16,Furniture,Credit Card,Retail
Bob,East,7078.22,28,Electronics,Bank Transfer,Online
Charlie,North,8189.57,16,Furniture,Credit Card,Retail
Bob,East,5509.66,4,Food,Bank Transfer,Online
David,South,9673.65,45,Electronics,Credit Card,Online
Bob,North,611.52,26,Electronics,Credit Card,Retail
Alice,North,5097.48,28,Electronics,Credit Card,Online
Charlie,West,7212.69,32,Electronics,Cash,Online
Bob,West,8640.14,45,Furniture,Bank Transfer,Online
David,East,1874.63,2,Clothing,Credit Card,Online
David,West,8020.03,31,Clothing,Cash,Retail
Bob,West,5571.8,3,Food,Credit Card,Online
David,West,4025.88,8,Clothing,Cash,Retail
Eve,North,1403.98,24,Clothing,Credit Card,Online
Eve,North,8666.43,15,Clothing,Credit Card,Retail
Eve,North,1657,43,Clothing,Cash,Retail
Alice,West,3166.9,31,Food,Cash,Retail
Bob,North,2971.45,9,Furniture,Bank Transfer,Online
Alice,West,8727,39,Electronics,Bank Transfer,Retail
David,North,6759.76,45,Clothing,Cash,Retail
Alice,North,7987.15,2,Furniture,Bank Transfer,Online
David,South,2579.63,8,Clothing,Cash,Retail
David,East,6286.25,7,Clothing,Bank Transfer,Online
Charlie,West,5760.29,44,Electronics,Credit Card,Online
Eve,South,8345.02,39,Electronics,Bank Transfer,Retail
David,North,9070.26,42,Electronics,Credit Card,Online
Charlie,West,220.35,16,Clothing,Credit Card,Online
Eve,North,6772.8,35,Clothing,Bank Transfer,Online
David,East,613.17,30,Clothing,Cash,Retail
David,South,5533.7,10,Electronics,Credit Card,Online
Alice,East,2947.56,38,Food,Credit Card,Online
Alice,South,3137.09,18,Furniture,Bank Transfer,Online
Eve,North,3594.29,5,Food,Cash,Retail
David,East,6250.8,29,Clothing,Cash,Online
Bob,East,3407.09,39,Clothing,Bank Transfer,Retail
Alice,North,7353.72,34,Food,Cash,Online
Eve,East,4104.82,43,Clothing,Bank Transfer,Retail
David,West,776.7,45,Furniture,Bank Transfer,Retail
David,South,7859.22,23,Clothing,Bank Transfer,Retail
Bob,South,2929.01,5,Furniture,Credit Card,Online
Eve,South,4384.39,30,Food,Credit Card,Online
David,West,6885.89,6,Food,Credit Card,Online
Alice,South,3391.32,46,Clothing,Bank Transfer,Retail
Bob,North,660.2,44,Furniture,Credit Card,Online
Eve,East,3801.82,4,Clothing,Credit Card,Online
Bob,West,9450.04,29,Electronics,Credit Card,Retail
Alice,South,6453.17,23,Electronics,Bank Transfer,Online
Eve,North,6747.64,6,Electronics,Bank Transfer,Online
Bob,East,6359.59,32,Electronics,Bank Transfer,Retail
Charlie,East,2070.02,42,Clothing,Credit Card,Retail
Alice,West,4241.51,18,Electronics,Cash,Online
Alice,West,7534.3,15,Furniture,Credit Card,Retail
Alice,West,1103.59,40,Food,Credit Card,Online
Charlie,North,2850.74,32,Food,Bank Transfer,Online
Charlie,North,2835.56,9,Electronics,Bank Transfer,Online
David,West,4376.99,37,Electronics,Credit Card,Online
Bob,South,9805.65,10,Electronics,Credit Card,Online
David,East,768.28,20,Clothing,Cash,Retail
Bob,East,5235.14,6,Food,Cash,Retail
Charlie,North,1875.71,48,Electronics,Bank Transfer,Online
Charlie,East,9709.7,3,Furniture,Cash,Retail
David,South,1221.7,42,Electronics,Cash,Retail
Eve,East,4095.65,11,Food,Bank Transfer,Online
David,North,7405.06,43,Electronics,Cash,Retail
Bob,North,7075.09,17,Food,Credit Card,Retail
David,South,4285.01,32,Electronics,Cash,Online
Alice,South,3530.59,4,Furniture,Bank Transfer,Online
Bob,East,4036.36,4,Electronics,Credit Card,Online
Bob,East,2716.34,17,Furniture,Cash,Online
Eve,North,2132.8,41,Furniture,Credit Card,Online
Charlie,South,4882.09,19,Electronics,Credit Card,Online
Bob,South,2758.48,5,Furniture,Cash,Online
Charlie,South,2945.87,32,Clothing,Cash,Retail
David,East,6601.89,22,Electronics,Bank Transfer,Online
Alice,South,9688.52,6,Electronics,Bank Transfer,Retail
Eve,North,6076.01,35,Furniture,Credit Card,Retail
Charlie,North,862.1,22,Furniture,Bank Transfer,Online
Bob,East,848.28,1,Electronics,Credit Card,Retail
Charlie,West,9519.09,20,Clothing,Credit Card,Retail
Bob,East,3043.18,22,Furniture,Bank Transfer,Retail
Charlie,West,1011.46,48,Furniture,Bank Transfer,Online
Bob,South,6030.54,11,Food,Bank Transfer,Retail
David,East,6274.12,13,Clothing,Cash,Retail
Bob,North,6520.2,42,Clothing,Credit Card,Online
Bob,South,2747.28,3,Electronics,Credit Card,Retail
Alice,North,249.6,9,Clothing,Credit Card,Retail
Bob,South,9653.65,12,Electronics,Bank Transfer,Retail
Alice,East,2583.84,23,Food,Bank Transfer,Retail
Eve,West,6792.66,14,Clothing,Bank Transfer,Retail
Alice,South,7095.64,33,Furniture,Bank Transfer,Online
David,West,6139.07,18,Food,Bank Transfer,Retail
Alice,South,3197.78,49,Electronics,Cash,Online
Eve,North,2783.85,41,Food,Bank Transfer,Retail
David,North,6016.92,9,Electronics,Credit Card,Online
Charlie,South,8674.35,23,Food,Bank Transfer,Online
Charlie,West,9472.66,10,Electronics,Credit Card,Online
Alice,East,1148.47,19,Clothing,Bank Transfer,Retail
Alice,East,1632.8,47,Furniture,Bank Transfer,Retail
Eve,North,9452.89,5,Electronics,Credit Card,Retail
Eve,East,7391.7,47,Food,Credit Card,Retail
Bob,North,8841.64,23,Electronics,Credit Card,Retail
Eve,East,2106.06,30,Electronics,Credit Card,Online
Bob,South,5917.1,25,Electronics,Cash,Online
David,North,7041.28,28,Food,Credit Card,Online
Alice,North,6833.11,34,Furniture,Bank Transfer,Retail
David,South,4140.7,45,Clothing,Bank Transfer,Retail
Eve,North,252.41,48,Furniture,Cash,Online
David,East,5870.97,47,Electronics,Credit Card,Retail
David,East,2605.71,25,Food,Bank Transfer,Retail
David,North,4557.52,10,Furniture,Cash,Online
Eve,East,9580.05,14,Electronics,Bank Transfer,Online
David,West,4050.45,42,Clothing,Cash,Retail
Bob,North,8414.04,46,Clothing,Cash,Retail
Eve,South,1966.55,30,Clothing,Credit Card,Online
David,West,6757.36,41,Electronics,Cash,Retail
Eve,North,9772.37,25,Food,Bank Transfer,Online
Charlie,South,1108.74,14,Furniture,Bank Transfer,Online
Bob,East,182.37,35,Clothing,Credit Card,Online
David,South,4392.47,48,Electronics,Credit Card,Retail
Charlie,West,1016.99,34,Electronics,Cash,Online
Charlie,East,7509.01,10,Furniture,Credit Card,Online
Eve,North,9154.03,35,Clothing,Bank Transfer,Retail
Charlie,East,4396.81,11,Electronics,Bank Transfer,Online
Bob,North,2661.25,11,Furniture,Credit Card,Retail
Bob,North,4400.59,21,Food,Credit Card,Retail
Alice,South,7262.13,21,Food,Credit Card,Retail
Bob,South,189.64,22,Food,Cash,Online
Charlie,South,5935.59,45,Clothing,Cash,Online
Bob,West,6171.59,7,Furniture,Bank Transfer,Retail
Eve,West,6413.11,17,Furniture,Cash,Retail
Alice,South,2496.02,2,Electronics,Cash,Retail
Charlie,West,7169.12,12,Electronics,Cash,Online
Alice,East,1004.78,42,Electronics,Cash,Retail
Charlie,East,2072.78,18,Furniture,Bank Transfer,Retail
Eve,West,8786.95,11,Electronics,Credit Card,Retail
Alice,West,7413.36,16,Furniture,Bank Transfer,Online
David,East,236.08,49,Furniture,Cash,Retail
Charlie,North,2558.92,18,Food,Credit Card,Online
David,East,2222.62,35,Electronics,Credit Card,Online
Alice,East,2780.98,26,Food,Credit Card,Retail
David,West,2550.84,16,Clothing,Bank Transfer,Retail
David,East,719.01,6,Clothing,Credit Card,Retail
Alice,West,4643.51,44,Clothing,Bank Transfer,Online
Eve,West,7354.06,43,Furniture,Bank Transfer,Online
David,South,6106.64,47,Furniture,Cash,Online
David,East,6761.43,47,Furniture,Cash,Retail
Eve,North,903.38,48,Electronics,Credit Card,Online
David,South,9519.76,42,Food,Credit Card,Retail
David,West,8401.07,12,Furniture,Cash,Retail
David,West,8070.39,13,Food,Bank Transfer,Retail
Bob,North,8247.54,4,Food,Bank Transfer,Online
Eve,West,9333.83,39,Food,Cash,Online
David,East,5488.11,2,Electronics,Bank Transfer,Online
Eve,South,2082.79,26,Electronics,Cash,Retail
Charlie,West,6206.16,27,Clothing,Cash,Online
Charlie,West,7454.53,27,Clothing,Credit Card,Online
David,North,7405.38,15,Food,Credit Card,Retail
Eve,East,5262.35,8,Clothing,Cash,Retail
Eve,West,777.74,7,Food,Credit Card,Online
Eve,North,3774.02,47,Electronics,Cash,Retail
Bob,West,9215.59,46,Electronics,Bank Transfer,Online
Charlie,North,5886.04,40,Electronics,Bank Transfer,Retail
Eve,North,5429.49,12,Furniture,Bank Transfer,Retail
Eve,East,2761.65,13,Food,Bank Transfer,Online
Bob,West,3747.64,43,Electronics,Cash,Retail
Bob,East,8963.93,17,Food,Bank Transfer,Retail
Eve,North,6697.98,17,Clothing,Bank Transfer,Retail
Alice,South,7895.13,36,Clothing,Bank Transfer,Online
Eve,West,4598.02,21,Electronics,Bank Transfer,Retail
Eve,South,6339.45,8,Food,Cash,Retail
Bob,West,2559,5,Electronics,Bank Transfer,Online
Bob,East,7084.06,26,Clothing,Credit Card,Online
Eve,East,4333.25,16,Electronics,Credit Card,Retail
Eve,East,4481.2,36,Food,Credit Card,Retail
Eve,East,6528.29,28,Clothing,Credit Card,Retail
Bob,East,9369.18,29,Furniture,Credit Card,Online
Eve,South,733.66,47,Clothing,Credit Card,Retail
Eve,East,8264.96,12,Furniture,Cash,Online
David,North,2994.59,37,Electronics,Credit Card,Online
Alice,North,4494.8,30,Electronics,Bank Transfer,Retail
Charlie,South,316.94,23,Food,Credit Card,Retail
Alice,West,3080.36,16,Furniture,Cash,Online
David,North,5076.05,14,Electronics,Credit Card,Retail
Charlie,West,656.14,10,Furniture,Bank Transfer,Retail
Eve,South,4961.85,7,Electronics,Bank Transfer,Online
David,West,9278.4,45,Clothing,Cash,Retail
Eve,West,1143.39,37,Electronics,Cash,Online
Bob,West,7667.96,29,Food,Cash,Retail
David,West,4155.74,3,Clothing,Cash,Online
Bob,South,6586.22,15,Food,Credit Card,Online
David,North,2676.34,36,Clothing,Credit Card,Retail
David,East,1678.97,47,Furniture,Bank Transfer,Online
Bob,West,1688.58,46,Food,Cash,Online
Charlie,North,797.87,19,Electronics,Cash,Retail
Alice,North,1937.9,13,Furniture,Credit Card,Retail
Eve,South,6675.77,42,Electronics,Cash,Retail
David,North,8828.74,21,Clothing,Bank Transfer,Online
Eve,South,8159.84,37,Clothing,Bank Transfer,Online
Bob,West,6882.83,27,Electronics,Cash,Online
Eve,West,1193.28,29,Electronics,Bank Transfer,Retail
Bob,East,2962.96,20,Furniture,Bank Transfer,Online
Eve,East,3167.09,25,Electronics,Credit Card,Online
Alice,East,2574.57,6,Food,Bank Transfer,Retail
Alice,North,5198.56,36,Food,Cash,Online
Alice,West,5401.98,2,Electronics,Cash,Retail
Alice,South,3633.17,22,Food,Bank Transfer,Retail
Alice,East,3602.51,32,Electronics,Cash,Retail
Alice,South,8302.7,16,Furniture,Credit Card,Online
Bob,South,7914,18,Food,Bank Transfer,Online
David,East,3147.18,5,Food,Bank Transfer,Online
Eve,West,9146.51,36,Electronics,Bank Transfer,Retail
Alice,East,9532.87,30,Food,Cash,Retail
Bob,South,3334.75,45,Clothing,Cash,Retail
Bob,East,3608.81,19,Furniture,Bank Transfer,Online
Bob,South,5105.78,23,Furniture,Cash,Online
David,South,9417.1,34,Food,Cash,Online
Eve,East,8775.56,13,Food,Bank Transfer,Online
David,North,1115.42,43,Clothing,Bank Transfer,Online
Charlie,East,3988.03,29,Clothing,Cash,Retail
Bob,North,5578.37,36,Food,Bank Transfer,Online
Charlie,South,5081.01,22,Food,Bank Transfer,Retail
Alice,South,2019.24,47,Clothing,Bank Transfer,Retail
Alice,North,8602.29,36,Electronics,Bank Transfer,Online
David,South,6801.71,9,Clothing,Cash,Retail
Eve,North,8395.29,39,Electronics,Bank Transfer,Online
Charlie,North,8601.77,19,Furniture,Credit Card,Online
Eve,South,7508.72,38,Furniture,Bank Transfer,Retail
David,West,4448.18,6,Clothing,Credit Card,Online
Alice,North,6144.41,47,Electronics,Bank Transfer,Online
Eve,East,1687.62,15,Clothing,Credit Card,Retail
Eve,East,6769.09,20,Clothing,Credit Card,Retail
Alice,South,1874.61,9,Electronics,Bank Transfer,Retail
Charlie,West,6970.1,32,Clothing,Bank Transfer,Retail
Alice,South,2373.02,4,Furniture,Bank Transfer,Retail
Eve,West,1263.76,18,Food,Credit Card,Retail
Charlie,North,1736.32,5,Food,Cash,Online
Charlie,North,119.72,20,Clothing,Cash,Online
Alice,North,7215.52,23,Electronics,Bank Transfer,Online
Eve,North,7350.77,11,Electronics,Cash,Retail
David,East,5197.84,37,Furniture,Cash,Online
Eve,East,1697.49,22,Electronics,Bank Transfer,Retail
Bob,South,927.19,4,Electronics,Credit Card,Online
David,West,289.38,29,Furniture,Bank Transfer,Retail
Charlie,North,1740.91,44,Clothing,Cash,Online
David,North,8919.47,34,Food,Credit Card,Retail
Charlie,West,2491.21,13,Furniture,Cash,Retail
Charlie,West,3607.29,42,Clothing,Credit Card,Retail
David,South,1142.92,9,Furniture,Cash,Retail
Charlie,West,2301.38,42,Clothing,Bank Transfer,Online
Charlie,North,5240.32,31,Furniture,Cash,Online
Bob,North,6116.75,7,Clothing,Cash,Retail
Eve,North,2528.99,4,Furniture,Credit Card,Retail
Eve,North,671.55,19,Clothing,Cash,Retail
Bob,North,3971.23,42,Furniture,Bank Transfer,Online
David,South,2418.61,30,Food,Bank Transfer,Retail
Alice,North,2273.58,31,Food,Bank Transfer,Retail
Alice,South,9602.64,35,Electronics,Credit Card,Online
Alice,North,6201.37,21,Clothing,Credit Card,Retail
Bob,East,5613.1,31,Furniture,Cash,Retail
Bob,East,4216.17,19,Clothing,Cash,Online
Charlie,East,4346.55,31,Food,Cash,Retail
Alice,East,5454.96,32,Clothing,Credit Card,Retail
David,South,6994.66,2,Furniture,Credit Card,Online
David,South,7051.25,10,Clothing,Cash,Retail
Alice,West,1799.77,2,Furniture,Credit Card,Online
Alice,North,5051.12,2,Food,Credit Card,Retail
Alice,East,4178.39,24,Food,Bank Transfer,Retail
Bob,South,8718.22,17,Food,Bank Transfer,Retail
Bob,North,6351.05,32,Electronics,Cash,Retail
Bob,North,5371.79,16,Food,Cash,Retail
Eve,South,1242.41,16,Clothing,Bank Transfer,Online
David,East,6095.82,46,Electronics,Credit Card,Retail
David,West,1260.32,39,Food,Cash,Retail
Charlie,North,3438.35,31,Clothing,Cash,Online
Bob,West,1514.14,43,Clothing,Cash,Online
Eve,East,6951.53,24,Clothing,Credit Card,Retail
Eve,East,2141.9,1,Furniture,Bank Transfer,Online
David,West,3979.41,11,Electronics,Cash,Retail
Bob,East,8967.18,21,Clothing,Bank Transfer,Online
Charlie,North,2122.73,4,Furniture,Bank Transfer,Online
Bob,West,5127.27,7,Food,Credit Card,Retail
Alice,East,4250.79,26,Clothing,Credit Card,Online
Bob,West,279.43,47,Furniture,Credit Card,Retail
Alice,North,7948.31,12,Clothing,Credit Card,Online
Alice,East,783.55,31,Electronics,Credit Card,Online
Charlie,North,4795.12,17,Electronics,Credit Card,Online
David,East,5650.72,33,Food,Cash,Retail
Bob,South,6321.42,11,Clothing,Bank Transfer,Retail
Alice,East,6917.45,28,Furniture,Credit Card,Online
Bob,West,2607.4,32,Food,Cash,Retail
David,East,198.79,1,Clothing,Bank Transfer,Retail
David,North,7262.09,47,Food,Credit Card,Retail
Eve,North,5403,28,Furniture,Credit Card,Online
David,East,8377.57,42,Food,Cash,Retail
Charlie,West,8231.74,7,Food,Bank Transfer,Online
Alice,South,8448.93,2,Food,Credit Card,Online
Eve,West,4902.44,42,Clothing,Bank Transfer,Online
Charlie,South,3402.92,24,Furniture,Cash,Online
Bob,North,7936.43,4,Electronics,Credit Card,Online
Alice,West,4567.81,44,Clothing,Bank Transfer,Retail
David,South,1916.08,19,Electronics,Cash,Retail
Alice,East,8564.24,26,Electronics,Cash,Online
Bob,North,8837.34,11,Clothing,Credit Card,Retail
Eve,East,4716.47,40,Clothing,Bank Transfer,Retail
Eve,North,849.43,43,Furniture,Credit Card,Retail
Eve,West,3939.48,11,Furniture,Credit Card,Retail
David,West,8055.02,45,Food,Bank Transfer,Retail
Charlie,North,9027.56,3,Electronics,Bank Transfer,Retail
Charlie,North,2114.38,12,Furniture,Bank Transfer,Retail
Alice,North,763.04,3,Food,Cash,Online
David,West,8785.77,42,Furniture,Cash,Online
Eve,South,3955.11,27,Clothing,Bank Transfer,Online
Eve,East,5463.43,49,Furniture,Cash,Retail
Bob,East,9683.85,2,Electronics,Credit Card,Retail
Bob,West,758.99,49,Furniture,Bank Transfer,Online
Eve,East,6518.35,16,Electronics,Credit Card,Retail
Eve,North,833.64,2,Clothing,Bank Transfer,Retail
David,South,3817.14,30,Electronics,Credit Card,Online
Charlie,East,8057.76,20,Furniture,Bank Transfer,Online
Bob,South,4391.38,38,Food,Credit Card,Online
Charlie,North,9972.11,28,Clothing,Bank Transfer,Retail
David,East,5634.69,25,Furniture,Bank Transfer,Retail
Eve,West,3279.51,32,Clothing,Cash,Retail
Charlie,South,2279.1,10,Clothing,Credit Card,Online
Eve,North,3570.15,42,Furniture,Cash,Online
Eve,South,3788.08,40,Furniture,Credit Card,Retail
Alice,East,780.27,33,Food,Cash,Online
Charlie,East,3758.78,13,Clothing,Bank Transfer,Online
Charlie,West,4695.96,41,Clothing,Cash,Retail
Eve,North,7255.1,42,Furniture,Cash,Online
David,North,6601.62,47,Electronics,Bank Transfer,Online
Alice,West,7116.78,37,Furniture,Cash,Online
Eve,West,182.8,16,Clothing,Bank Transfer,Retail
Bob,North,2254.91,45,Furniture,Credit Card,Retail
Bob,South,6650.67,22,Food,Cash,Online
Alice,South,4891.49,20,Electronics,Bank Transfer,Retail
David,West,152.6,43,Furniture,Bank Transfer,Retail
Eve,South,8064.5,27,Food,Cash,Retail
Charlie,North,7750.81,41,Clothing,Credit Card,Online
Alice,East,5529.35,16,Furniture,Cash,Retail
David,East,757.99,34,Clothing,Bank Transfer,Online
Charlie,South,7688.5,32,Food,Credit Card,Online
Bob,West,5878.76,26,Clothing,Cash,Retail
Bob,West,7841.4,25,Food,Bank Transfer,Online
Charlie,West,7542.3,2,Food,Cash,Retail
Alice,West,8049.72,12,Food,Credit Card,Retail
Bob,West,5228.28,40,Furniture,Credit Card,Online
Eve,South,1489.21,9,Clothing,Credit Card,Online
Charlie,East,6744.46,12,Clothing,Credit Card,Retail
Charlie,East,6242.69,26,Electronics,Credit Card,Retail
Bob,South,7448.31,9,Electronics,Cash,Retail
Alice,West,1781.82,10,Electronics,Credit Card,Retail
Eve,South,2030.25,32,Electronics,Credit Card,Online
Alice,East,8915.05,34,Clothing,Bank Transfer,Online
David,North,7524.78,48,Food,Credit Card,Online
David,South,9091.46,20,Food,Bank Transfer,Retail
Bob,West,7611.28,39,Furniture,Bank Transfer,Online
Bob,East,6011.84,2,Food,Bank Transfer,Online
Bob,East,6575.91,1,Clothing,Cash,Online
David,East,8902.37,36,Clothing,Cash,Online
Alice,East,5830.19,24,Clothing,Bank Transfer,Retail
Alice,West,6360.67,27,Furniture,Cash,Online
Bob,North,1649.12,2,Electronics,Credit Card,Online
Eve,East,4791.82,31,Food,Cash,Online
Alice,South,7192.33,14,Clothing,Credit Card,Online
David,North,2782.33,2,Clothing,Credit Card,Retail
Charlie,East,2102.32,29,Electronics,Cash,Retail
Charlie,North,3206.89,15,Clothing,Cash,Online
Charlie,South,2490.86,12,Food,Bank Transfer,Retail
Eve,East,2227.64,37,Furniture,Cash,Retail
Bob,South,4306.02,28,Clothing,Cash,Retail
David,West,9087.6,20,Food,Cash,Retail
Eve,East,5119.89,39,Clothing,Credit Card,Online
David,East,1960.41,24,Electronics,Credit Card,Retail
David,East,862.02,21,Clothing,Credit Card,Retail
Bob,East,6991.95,10,Clothing,Bank Transfer,Online
Charlie,West,3889.71,46,Furniture,Bank Transfer,Online
Bob,East,8236.13,14,Electronics,Bank Transfer,Online
Eve,North,6629.16,37,Electronics,Credit Card,Online
Eve,East,7982.79,18,Furniture,Cash,Retail
Eve,West,2792.27,24,Clothing,Bank Transfer,Online
Bob,East,6954.35,14,Food,Bank Transfer,Retail
David,North,2714.21,34,Electronics,Credit Card,Retail
David,West,9396.78,12,Electronics,Bank Transfer,Online
Alice,West,6400.11,22,Clothing,Cash,Online
Eve,North,3312.67,6,Clothing,Credit Card,Retail
David,North,2768.17,36,Electronics,Credit Card,Retail
Alice,North,1990.17,45,Clothing,Cash,Online
David,North,6976.95,36,Food,Cash,Online
Eve,North,2265.28,22,Electronics,Cash,Online
Charlie,West,5993.5,14,Food,Bank Transfer,Retail
Eve,West,2719.89,16,Food,Cash,Retail
Bob,East,6653.49,36,Clothing,Credit Card,Online
David,East,8167.9,25,Food,Cash,Retail
David,South,7802.45,32,Clothing,Credit Card,Online
Bob,East,7632.43,33,Furniture,Credit Card,Retail
Bob,East,1958.45,45,Clothing,Bank Transfer,Retail
Charlie,North,975.01,36,Food,Cash,Online
David,North,7019.59,20,Furniture,Bank Transfer,Online
David,East,3746.64,18,Clothing,Cash,Online
Charlie,South,4380.23,38,Food,Cash,Retail
Alice,North,408.38,3,Electronics,Cash,Retail
Charlie,East,2669.81,23,Electronics,Cash,Online
Eve,East,433.4,32,Clothing,Cash,Retail
David,West,8803.94,45,Clothing,Credit Card,Online
Bob,South,2509.63,16,Electronics,Credit Card,Retail
Eve,West,5617.64,5,Food,Cash,Online
David,South,485.9,4,Food,Credit Card,Retail
Charlie,North,6701.79,21,Food,Bank Transfer,Retail
Eve,South,3297.97,40,Clothing,Bank Transfer,Retail
David,East,8989.4,14,Furniture,Bank Transfer,Retail
Alice,East,8892.37,39,Furniture,Cash,Online
Alice,South,3320.38,31,Furniture,Cash,Retail
Bob,South,9019.51,14,Furniture,Credit Card,Online
David,South,9961.96,6,Furniture,Credit Card,Online
Alice,West,8271.62,12,Clothing,Credit Card,Online
Charlie,South,8464.23,16,Clothing,Bank Transfer,Online
David,North,2565.19,17,Furniture,Bank Transfer,Retail
Charlie,West,5809.35,45,Clothing,Bank Transfer,Online
Charlie,West,765.83,23,Clothing,Bank Transfer,Retail
Alice,South,1039.69,14,Furniture,Credit Card,Retail
David,North,9989.04,7,Food,Cash,Retail
Eve,West,3333.73,46,Clothing,Cash,Retail
Alice,East,7507.02,32,Food,Bank Transfer,Online
Alice,West,8085.98,15,Clothing,Cash,Retail
David,South,8594.43,44,Clothing,Cash,Online
David,North,9976.52,17,Furniture,Cash,Retail
Charlie,South,2490.82,41,Clothing,Bank Transfer,Retail
David,East,499.47,47,Electronics,Credit Card,Online
Charlie,East,4170.8,44,Electronics,Credit Card,Retail
Alice,East,1387.8,34,Furniture,Cash,Retail
Bob,South,322.02,5,Food,Credit Card,Retail
Eve,West,3668.23,45,Food,Credit Card,Retail
Alice,South,7859.01,27,Food,Bank Transfer,Retail
David,North,5705.19,23,Electronics,Bank Transfer,Online
Eve,West,3196.5,40,Food,Cash,Retail
Bob,East,6577.99,14,Food,Cash,Retail
Bob,South,2396.98,15,Furniture,Cash,Online
Charlie,East,242.38,43,Food,Bank Transfer,Retail
Eve,East,7667.1,33,Electronics,Credit Card,Online
Charlie,North,6275.06,31,Electronics,Bank Transfer,Retail
Alice,West,7646.8,35,Electronics,Bank Transfer,Retail
Eve,North,485.49,17,Furniture,Credit Card,Online
Alice,North,8387.48,28,Furniture,Credit Card,Retail
Charlie,North,6233.31,19,Clothing,Cash,Retail
Eve,East,5677.61,46,Food,Credit Card,Online
Charlie,North,6283.68,23,Furniture,Credit Card,Online
Eve,North,8657.89,32,Electronics,Credit Card,Retail
Charlie,West,5910.67,40,Electronics,Credit Card,Online
Bob,West,5851.41,13,Furniture,Cash,Retail
Charlie,North,9907.72,20,Furniture,Cash,Online
Bob,West,7591.63,35,Furniture,Credit Card,Retail
Charlie,West,4478.71,5,Clothing,Credit Card,Online
Eve,North,7103.23,9,Electronics,Cash,Online
Eve,East,3953.38,29,Clothing,Cash,Online
Eve,North,2365.87,6,Clothing,Credit Card,Online
David,West,6008.83,25,Food,Bank Transfer,Online
Alice,East,9289,31,Electronics,Cash,Online
Eve,South,9298.48,22,Electronics,Cash,Online
Bob,East,3484.86,2,Furniture,Cash,Online
Eve,West,5324.01,45,Furniture,Credit Card,Online
David,East,2195.2,5,Food,Credit Card,Retail
Bob,North,9956.75,27,Clothing,Cash,Online
David,South,9813.07,25,Furniture,Credit Card,Retail
Bob,South,6530.14,8,Furniture,Credit Card,Online
Charlie,South,8063.7,1,Electronics,Cash,Retail
Alice,West,7179.49,20,Electronics,Credit Card,Retail
Alice,West,5972.27,44,Furniture,Bank Transfer,Online
David,South,628.15,23,Electronics,Credit Card,Online
Alice,East,4602.17,32,Food,Credit Card,Retail
David,South,6780.38,11,Furniture,Cash,Retail
David,East,6807.56,39,Electronics,Cash,Online
David,East,3793.91,47,Food,Bank Transfer,Online
Alice,West,9422.75,24,Electronics,Credit Card,Online
David,East,1756.83,11,Electronics,Bank Transfer,Retail
Alice,South,5053.56,29,Electronics,Bank Transfer,Online
David,West,6939.75,26,Furniture,Cash,Online
Eve,North,7001.64,16,Clothing,Credit Card,Online
David,North,6521.53,35,Electronics,Cash,Online
Bob,West,2825.35,20,Food,Bank Transfer,Online
David,South,1646.45,46,Furniture,Bank Transfer,Retail
Charlie,North,6395.81,3,Furniture,Cash,Retail
David,North,6033.09,1,Food,Cash,Online
Bob,East,1875.62,47,Electronics,Cash,Online
Bob,East,7080.88,1,Clothing,Cash,Retail
Alice,South,4606.2,17,Electronics,Cash,Online
Eve,West,6710.83,2,Food,Bank Transfer,Retail
David,South,8389.93,29,Furniture,Cash,Online
Alice,West,1780.31,20,Clothing,Credit Card,Retail
Eve,North,289.53,6,Furniture,Bank Transfer,Retail
David,East,7813.12,8,Food,Bank Transfer,Online
Charlie,South,6136,29,Electronics,Credit Card,Retail
David,South,7026.43,48,Clothing,Credit Card,Online
Bob,West,8397.73,33,Furniture,Bank Transfer,Retail
Bob,West,8047.83,3,Furniture,Cash,Online
Charlie,South,9613.11,35,Furniture,Bank Transfer,Online
Alice,West,5405.76,5,Electronics,Bank Transfer,Online
Eve,South,4936.11,27,Clothing,Credit Card,Retail
David,South,4078.68,44,Electronics,Bank Transfer,Online
Bob,South,1621.54,12,Electronics,Cash,Online
Alice,North,5768.81,20,Electronics,Credit Card,Online
Charlie,West,2842.42,45,Food,Bank Transfer,Retail
Bob,East,9220.94,20,Food,Bank Transfer,Online
Charlie,East,5873.59,9,Food,Cash,Retail
David,West,5969.12,39,Clothing,Bank Transfer,Retail
Eve,South,3613.75,4,Electronics,Bank Transfer,Retail
Bob,East,614.69,19,Electronics,Bank Transfer,Online
Bob,East,414.26,38,Food,Bank Transfer,Online
David,West,4291.02,27,Electronics,Cash,Retail
Alice,East,937.2,45,Electronics,Bank Transfer,Online
Eve,South,6107.78,43,Furniture,Bank Transfer,Online
Bob,West,8821.63,13,Electronics,Bank Transfer,Retail
Eve,South,8840.86,13,Furniture,Credit Card,Retail
Bob,East,6624.55,22,Electronics,Cash,Online
Eve,East,2191.2,28,Clothing,Credit Card,Retail
Charlie,South,8643.67,47,Food,Credit Card,Online
Bob,North,8872.33,45,Furniture,Cash,Retail
Eve,East,2046.87,22,Food,Credit Card,Online
Alice,North,7400.52,43,Furniture,Credit Card,Online
Charlie,East,2936.54,19,Furniture,Credit Card,Retail
Charlie,North,8046.14,8,Furniture,Cash,Online
Alice,North,9972.66,8,Clothing,Bank Transfer,Online
Eve,North,397.26,42,Electronics,Cash,Retail
David,South,8983.92,26,Furniture,Cash,Online
Alice,North,6264.04,48,Clothing,Cash,Online
Eve,North,9736.49,26,Furniture,Credit Card,Online
Alice,North,4703.59,23,Electronics,Bank Transfer,Retail
Alice,East,8489.14,43,Furniture,Cash,Retail
Bob,North,717.7,13,Clothing,Cash,Retail
Eve,East,3419.26,28,Electronics,Bank Transfer,Retail
David,North,763.46,9,Clothing,Bank Transfer,Retail
Bob,North,9755.9,20,Electronics,Bank Transfer,Online
Alice,South,8188.04,19,Electronics,Credit Card,Online
Alice,East,8540.22,48,Food,Bank Transfer,Online
Alice,North,9385.86,39,Food,Credit Card,Retail
Eve,East,942.52,12,Food,Cash,Online
Eve,East,3917.42,15,Electronics,Credit Card,Retail
Bob,West,803.25,31,Furniture,Bank Transfer,Online
David,South,2186.85,14,Clothing,Credit Card,Retail
Bob,South,2370.72,11,Clothing,Bank Transfer,Online
Charlie,South,4744.16,26,Clothing,Credit Card,Online
Alice,West,2758.77,42,Food,Cash,Retail
Alice,West,1099.68,27,Electronics,Credit Card,Online
Alice,South,1758.16,11,Food,Cash,Online
Bob,West,1558.03,38,Furniture,Bank Transfer,Retail
Bob,West,9733.46,34,Electronics,Cash,Online
Alice,West,7617,43,Clothing,Bank Transfer,Online
Bob,South,9680.84,19,Food,Bank Transfer,Retail
Eve,South,4453.43,6,Food,Cash,Retail
Eve,South,2855.85,46,Furniture,Cash,Retail
Bob,West,8003.1,38,Furniture,Credit Card,Retail
Alice,South,3329.91,49,Food,Credit Card,Retail
Bob,West,3063.9,42,Furniture,Cash,Online
Bob,North,2401.81,28,Clothing,Cash,Retail
Bob,West,1383.82,1,Furniture,Cash,Retail
Charlie,East,2638.98,35,Furniture,Cash,Online
Eve,South,3617.67,40,Food,Bank Transfer,Online
David,South,6772.54,8,Food,Cash,Online
David,East,719.39,47,Electronics,Cash,Online
Charlie,West,2184.02,7,Electronics,Cash,Online
Bob,North,8109.33,11,Food,Cash,Retail
Charlie,East,1554.53,39,Furniture,Bank Transfer,Online
Charlie,East,3492.19,4,Furniture,Credit Card,Retail
Alice,West,8660.12,25,Electronics,Credit Card,Online
Eve,South,1633.76,12,Electronics,Credit Card,Retail
David,West,919.09,26,Electronics,Credit Card,Online
Bob,East,4896.93,38,Clothing,Credit Card,Retail
David,East,3093.95,46,Clothing,Bank Transfer,Retail
David,South,5677.74,12,Electronics,Credit Card,Retail
Eve,South,8057.67,43,Furniture,Bank Transfer,Retail
David,South,1457.77,37,Electronics,Bank Transfer,Retail
David,West,5848.92,46,Clothing,Credit Card,Retail
Charlie,South,5104.54,24,Furniture,Credit Card,Retail
Eve,East,1526.38,16,Clothing,Credit Card,Retail
Alice,East,6277.59,13,Furniture,Cash,Retail
Bob,North,2809.04,25,Clothing,Bank Transfer,Retail
David,West,4929.56,4,Furniture,Credit Card,Online
Bob,North,914.5,11,Furniture,Cash,Retail
Alice,East,4649.88,32,Furniture,Bank Transfer,Retail
Bob,North,3133.99,49,Furniture,Cash,Online
Alice,East,8241.57,7,Food,Cash,Retail
Charlie,North,664.09,46,Clothing,Credit Card,Retail
David,South,4244.21,11,Clothing,Bank Transfer,Online
Alice,North,4638.47,28,Food,Cash,Online
Bob,South,7277.56,41,Furniture,Bank Transfer,Retail
David,South,5785.45,23,Furniture,Credit Card,Online
Charlie,West,6705.4,45,Clothing,Bank Transfer,Retail
David,South,7792.79,23,Food,Cash,Retail
Alice,South,8635.81,28,Furniture,Cash,Retail
Charlie,North,3207.37,43,Furniture,Bank Transfer,Online
Bob,East,5426.42,47,Furniture,Cash,Retail
Charlie,West,8417.07,26,Electronics,Cash,Retail
Charlie,South,9895.57,25,Food,Cash,Online
Eve,West,8906.24,29,Furniture,Credit Card,Retail
Charlie,North,3777.53,19,Electronics,Credit Card,Retail
Charlie,South,2032.15,33,Food,Cash,Retail
David,North,4944.99,36,Furniture,Bank Transfer,Retail
Bob,West,7442.25,14,Clothing,Credit Card,Retail
David,North,4976.43,14,Electronics,Bank Transfer,Retail
David,West,4883.49,35,Electronics,Cash,Online
Alice,North,8398.48,30,Furniture,Cash,Retail
David,West,3677.9,28,Furniture,Bank Transfer,Retail
Eve,East,8611.97,17,Electronics,Credit Card,Online
Eve,North,4127.37,3,Clothing,Bank Transfer,Retail
Alice,North,3349.51,16,Clothing,Bank Transfer,Retail
Bob,East,4594.5,46,Food,Cash,Online
Bob,East,7648.22,30,Furniture,Credit Card,Online
David,North,1347.42,29,Clothing,Bank Transfer,Online
David,East,2044.55,45,Food,Credit Card,Online
David,South,9519.3,15,Clothing,Cash,Online
Bob,West,1837.37,46,Furniture,Credit Card,Online
Charlie,West,5720.5,25,Food,Cash,Online
Eve,West,5835.21,38,Food,Credit Card,Retail
Charlie,South,4947.28,42,Food,Bank Transfer,Retail
Charlie,East,6482.98,47,Clothing,Cash,Retail
Bob,East,2375.28,38,Furniture,Bank Transfer,Online
Charlie,North,5571.36,23,Food,Cash,Retail
Alice,East,3784.52,25,Electronics,Credit Card,Online
David,North,6650.51,42,Furniture,Credit Card,Retail
Alice,South,1498.11,7,Electronics,Cash,Retail
Eve,West,5751.69,22,Electronics,Cash,Retail
David,West,1934.18,17,Food,Cash,Retail
Charlie,West,2858.57,18,Food,Credit Card,Online
Eve,East,2265.23,49,Clothing,Cash,Online
David,North,1910.09,41,Clothing,Cash,Retail
Charlie,North,8274.54,10,Clothing,Bank Transfer,Online
Alice,South,2928.5,10,Furniture,Cash,Online
David,East,9278.53,7,Clothing,Bank Transfer,Retail
Charlie,South,9702.27,48,Electronics,Bank Transfer,Online
Alice,North,5755.48,38,Clothing,Bank Transfer,Online
Eve,North,1515.71,27,Food,Credit Card,Online
Eve,West,3808.03,33,Clothing,Bank Transfer,Online
Eve,East,7997.55,1,Furniture,Cash,Retail
Eve,North,3737.17,44,Furniture,Credit Card,Retail
Bob,West,961.47,34,Electronics,Credit Card,Online
David,East,5612.17,4,Furniture,Credit Card,Retail
David,South,8466.7,17,Clothing,Credit Card,Retail
Bob,East,7979.67,4,Food,Credit Card,Retail
Charlie,East,1833.72,43,Furniture,Credit Card,Online
Charlie,North,6760.37,26,Electronics,Credit Card,Online
Eve,North,2282.99,4,Clothing,Bank Transfer,Retail
Alice,East,2260.25,1,Electronics,Cash,Retail
Charlie,North,8753.31,7,Furniture,Cash,Online
Alice,North,2571.72,30,Furniture,Bank Transfer,Retail
David,North,2706.15,9,Electronics,Bank Transfer,Online
Alice,West,106.47,35,Clothing,Credit Card,Retail
David,West,8719.62,8,Furniture,Credit Card,Online
Bob,East,7946.69,24,Food,Bank Transfer,Online
Bob,North,6310.56,19,Furniture,Credit Card,Online
Eve,West,7527.63,36,Clothing,Cash,Online
Charlie,East,1605.28,43,Furniture,Cash,Retail
Eve,North,4637.4,27,Electronics,Credit Card,Online
David,South,3577.07,32,Furniture,Credit Card,Retail
Eve,North,1028.39,14,Furniture,Credit Card,Online
Alice,North,4912.69,18,Clothing,Cash,Online
David,West,9215.32,28,Electronics,Credit Card,Retail
Bob,East,496.59,29,Clothing,Bank Transfer,Retail
Charlie,East,2985.46,16,Furniture,Credit Card,Retail
David,West,2154.66,35,Food,Bank Transfer,Online
David,North,2457.65,47,Furniture,Credit Card,Online
Alice,South,9093.5,31,Clothing,Credit Card,Retail
Charlie,North,4733.88,4,Food,Cash,Online
Bob,North,4716.36,37,Clothing,Bank Transfer,Retail
David,South,7629.7,17,Clothing,Bank Transfer,Online
David,West,1629.47,39,Electronics,Bank Transfer,Online
Alice,East,4923.93,48,Food,Cash,Online
